{
  "sif1vrwt2ttstp62n2rjtdres9slq4gykfg2qv2xye": 0,
  "sif1am0xzm5eg7fhl59zft5rk0h8utwegev6mjgae0": 0,
  "sif1ckndfazcvka4kzsfwzv7sqwkad3exvwwqvrj7r": 0,
  "sif1h4zc73xz5zx6fwx20lnsgjtxkr9yczk7xhnvk7": 1488.095238095238,
  "sif1jfztx6g0jvt6s7zswjutg3jh0xq3gka6dylzey": 1488.095238095238,
  "sif1zm0utzejl7r2kqv5mrkvw4hdnzfedm6d3quzhs": 0,
  "sif1ajueefk0p3jxygxf0qqtkww537ltjgc46u5v37": 0,
  "sif1kf8yuna6ywtka5wpqemlewklv5r4kn2j2cdfr7": 0,
  "sif1c69yrjgrka9yafg7wcx4a0kwru9jwvwqztl0ml": 0,
  "sif15dyg0uu24zkswsds3sp27v2xzywsv49h24djm6": 0
}