{
  "data": {
    "snapshots_new": [
      {
        "snapshot_data": {
          "sif1pks7snq3hmh856f249p63mf4fh4edtqmkmd7sp": {
            "creef": [],
            "cusdc": [],
            "caave": [],
            "rowan": [[1152, 8]]
          },
          "sif1gw84vjyvxlqqa0jnf5h3gmg09x0w537htppry2": {
            "creef": [],
            "cusdc": [],
            "caave": [],
            "rowan": [[1152, 20]]
          },
          "sif157lhf9e3dqm2n2f5epxrsxze0e25ne9qt44hst": {
            "creef": [],
            "cusdc": [[1160, 44.99337784660299]],
            "caave": [],
            "rowan": [
              [1156, 10.64197116193683],
              [1160, 45]
            ]
          },
          "sif1k3dz2ed85w6s6ul7lk2vtzazke9wtt6c9q3stp": {
            "creef": [],
            "cusdc": [],
            "caave": [],
            "rowan": [
              [1152, 7],
              [1190, 3]
            ]
          },
          "sif1qn27gfa7a6hf5teenhl2aqm60kp605ns3v8gtr": {
            "creef": [],
            "cusdc": [],
            "caave": [],
            "rowan": [[1152, 20]]
          },
          "sif1enj7v72r372qj6auc0uqfp2m4r0pax0vpq6y4v": {
            "creef": [],
            "cusdc": [[1159, 13.028725751112068]],
            "caave": [],
            "rowan": [[1159, 13]]
          },
          "sif1f8hxklhcsu5r5wcu42l7ttmavknwfv3s7dldmj": {
            "creef": [],
            "cusdc": [],
            "caave": [],
            "rowan": [[1190, 12.484596445139989]]
          },
          "sif1jhk2l2lqqznx7fm74hfvct7frvfpx886y3wvpq": {
            "creef": [],
            "cusdc": [],
            "caave": [],
            "rowan": [[1152, 20]]
          },
          "sif1l57dskuzza04adlxtwr2q3j8s664wx93qkv9t7": {
            "creef": [],
            "cusdc": [[1152, -318.7693403489325]],
            "caave": [],
            "rowan": [[1152, -323.3147602396259]]
          },
          "sif1ahsdnwrnk7fheg5ga20d7j4fezrd5kmpau02z6": {
            "creef": [],
            "cusdc": [[1153, 165.16087726511364]],
            "caave": [],
            "rowan": [[1153, 165]]
          },
          "sif16y67cke8xkrwky3scnu6zpdqazpmtvgzv39r6d": {
            "creef": [],
            "cusdc": [[1155, 162.89983693111537]],
            "caave": [],
            "rowan": [[1155, 164.49790081343502]]
          },
          "sif1yk84q2ajt8xnvv9d7yk6av4jvrfn4hp0r9n2tz": {
            "creef": [],
            "cusdc": [],
            "caave": [],
            "rowan": [[1152, 20]]
          },
          "sif146xcwu5j3epsxqqcq0g6spnrg2kzem224w4jzh": {
            "creef": [],
            "cusdc": [[1156, 3.989484578803381]],
            "caave": [],
            "rowan": [[1156, 4]]
          },
          "sif1edstvnlp46qpndnfn5vl9w2djgd90efrvm3arf": {
            "creef": [],
            "cusdc": [],
            "caave": [],
            "rowan": [[1152, 20]]
          },
          "sif1fkfal3we0twere3vpa7rmrclfz92r77uq5x040": {
            "creef": [],
            "cusdc": [],
            "caave": [],
            "rowan": [[1165, 278]]
          },
          "sif138ycptpwle2v6e3hvfhtjtl486en36zyqpgrcg": {
            "creef": [],
            "cusdc": [[1181, 5.685303857080337]],
            "caave": [],
            "rowan": [[1181, 5.68511]]
          },
          "sif1p05jltzkecqe60m9znfs2kvnzppkqvtp5echd6": {
            "creef": [],
            "cusdc": [[1159, 13.087634376015735]],
            "caave": [],
            "rowan": [[1159, 13]]
          },
          "sif13jxptk2w6ykr23vsrxks5gxaqfrf3v49azmulp": {
            "creef": [],
            "cusdc": [],
            "caave": [],
            "rowan": [
              [1152, 11],
              [1190, 12]
            ]
          },
          "sif1gk9njg38xvt57eftta78fuppqjtwcgux27f8nn": {
            "creef": [],
            "cusdc": [],
            "caave": [],
            "rowan": [[1160, -11.710524239108095]]
          },
          "sif1ky8hvvarm5jc3w8e2ym5yrd7jvu6yq0m8r4jh4": {
            "creef": [],
            "cusdc": [[1177, 170.72712537622132]],
            "caave": [],
            "rowan": [[1177, 171.30903325374004]]
          },
          "sif1qg7zaszkqkd9yn9ewnxlmuqjwuehurf54np0sg": {
            "creef": [],
            "cusdc": [],
            "caave": [],
            "rowan": [[1152, 20]]
          },
          "sif1m2cx65esm7xmz8snjkewhhrzp67fsvevujum0c": {
            "creef": [],
            "cusdc": [],
            "caave": [],
            "rowan": [[1152, 20]]
          },
          "sif14gndet3zmzrdk4u4rxh2ea2c09huvlyjts2s2c": {
            "creef": [],
            "cusdc": [[1176, 23.75883748399234]],
            "caave": [],
            "rowan": [[1176, 23.74672]]
          },
          "sif12n6sdxafcgt8rduufmntzrpfdhneug654nj5fs": {
            "creef": [],
            "cusdc": [[1153, 165.23903846349262]],
            "caave": [],
            "rowan": [[1153, 165]]
          },
          "sif1xjdzrpk70q3aq9c2tml5rzhf3jn24fzt84lrtq": {
            "creef": [],
            "cusdc": [[1159, 13.029001046149158]],
            "caave": [],
            "rowan": [[1159, 12.99972]]
          },
          "sif1735cwjquxe0hwt6vc0f4w66n2qs3gxysyhrrsy": {
            "creef": [],
            "cusdc": [],
            "caave": [],
            "rowan": [[1152, 20]]
          },
          "sif1mxanggzjzm009v8tzfzgr2k2js0rhhlcfl8vuk": {
            "creef": [],
            "cusdc": [[1154, 0.9791524421743066]],
            "caave": [],
            "rowan": [[1154, 1]]
          },
          "sif136n00myqtw35qst5jj6g8vu9gk44kddycdmkpj": {
            "creef": [],
            "cusdc": [],
            "caave": [],
            "rowan": [[1152, 20]]
          },
          "sif15jk5j48jrl9m92hu2k90e4rhsrtkah8u9zh9v5": {
            "creef": [],
            "cusdc": [],
            "caave": [],
            "rowan": [[1152, 14]]
          },
          "sif1c6zn8aumlhuwka3tup0xx0l482sn0zx6mcdrc2": {
            "creef": [],
            "cusdc": [],
            "caave": [],
            "rowan": [[1190, 12]]
          },
          "sif1jz7zjtdz4ex9c99cukk3rq47vvjfzw0ufssugr": {
            "creef": [],
            "cusdc": [],
            "caave": [],
            "rowan": [[1152, 20]]
          },
          "sif1jlu5u2sj0afddmcj7lxfy0ng466s8l2qtue0yq": {
            "creef": [],
            "cusdc": [],
            "caave": [],
            "rowan": [[1155, -1572.8973695258426]]
          },
          "sif1q4arz4shx6nh4dl6lrm5uy64ltdh5gekhml50x": {
            "creef": [],
            "cusdc": [[1159, 13.028170648004496]],
            "caave": [],
            "rowan": [[1159, 13]]
          },
          "sif1t7mr3t837v9jr97h63y5cfk0maduzzhgksju2f": {
            "creef": [],
            "cusdc": [[1159, 13.087354567945251]],
            "caave": [],
            "rowan": [[1159, 13]]
          },
          "sif1vdg6ymw9mqtzhn22hlswvxmknv5w843s7e4857": {
            "creef": [],
            "cusdc": [],
            "caave": [],
            "rowan": [[1152, 12]]
          },
          "sif1w98etq5dvur7945phdzf49eu7vythxkmnne2wh": {
            "creef": [[1187, -6217.911961795023]],
            "cusdc": [],
            "caave": [],
            "rowan": []
          },
          "sif13tz5ml90tq2xruslyhcsz9d7lwwn6l66ammsux": {
            "creef": [],
            "cusdc": [],
            "caave": [],
            "rowan": [[1190, 12]]
          },
          "sif197h938dvw52kzf2l7gke2u5tcz3grvleqhx97g": {
            "creef": [],
            "cusdc": [],
            "caave": [],
            "rowan": [[1155, -1607.1065859985383]]
          },
          "sif12fvnzrnjgemmg96knu05glelsrf58vsdehsku6": {
            "creef": [],
            "cusdc": [],
            "caave": [],
            "rowan": [[1152, 20]]
          },
          "sif1h205rcuj6wppfx2ejxq89sx5vkna7s2eal5dzp": {
            "creef": [],
            "cusdc": [[1154, 165.65565222019012]],
            "caave": [],