{"data":{"snapshots_new":[{"created_at":null,"snapshot_time":1628812084798,"snapshot_data":{"sif1dfr0fuqlx5uppvhx6fl20fd2d95am2ezyax8qn":{"ibc/287EE075B7AADDEB240AFE74FA2108CDACA50A7CCD013FA4C1FCD142AFA9CA9A":[[1237,11000000000]],"rowan":[]},"sif1fpq67nw66thzmf2a5ng64cd8p8nxa5vl9d3cm4":{"ibc/287EE075B7AADDEB240AFE74FA2108CDACA50A7CCD013FA4C1FCD142AFA9CA9A":[[1214,8000000],[1236,61971283],[1237,-5168542671],[1239,1000000000]],"rowan":[[1214,401.30730400261916],[1236,3086.5563263432414],[1237,-1645.7215866620174],[1239,226.93722]]},"sif12aguhk28z7af03pup7t62cev8hkhj0z9j7cpjv":{"ibc/287EE075B7AADDEB240AFE74FA2108CDACA50A7CCD013FA4C1FCD142AFA9CA9A":[[1255,844900002]],"rowan":[[1255,36.74101716808923]]},"sif1shywxv2g8gvjcqknvkxu4p6lkqhfclwwj2qk6h":{"ibc/287EE075B7AADDEB240AFE74FA2108CDACA50A7CCD013FA4C1FCD142AFA9CA9A":[[1213,45101],[1214,20574],[1236,-56930]],"rowan":[[1213,2.25503356],[1214,-1.8483928475103673],[1236,-2.8354426284089143]]}},"id":null}],"snapshots_lm_claims":[],"snapshots_lm_dispensation":[]}}